Apecode,Siren,Company Name
3213Z,493302079,YUNA
3213Z,383127172,ARTHUS BERTRAND
9311Z,813158144,L'AUTRE USINE
9311Z,822135463,FLYPROJECT
9311Z,351038021,LE BOWLING SARL
9311Z,814151098,SUPERJUMPXL LILLE
4642Z,408546620,COMPLEX INTERNATIONAL
4648Z,434898904,C E C E D
4648Z,539107763,BIJOUX SAPIENS
4648Z,484616396,STOYCOS
4648Z,326697273,MAISON J.PORCHET SA
4648Z,401261268,ALAMENTHE
4648Z,822862181,ARMAAN
4648Z,814891149,MISCEA
4648Z,501456032,HEURE H
4648Z,348004342,BEL'OR
4648Z,850117557,AVIVA GEMS
4648Z,849239017,WATCHFINDER FRANCE
4648Z,824396493,NEW MOD
4648Z,520371881,WATCH VALUE
4648Z,321833097,CLIO BLUE
4648Z,889548061,JQBD
4648Z,408137800,GROUPE VENDOME
4648Z,810474502,LE CHAMP D'ELISE
4648Z,572139442,LEFILLEUL LACROIX ISSERLIS
4648Z,752488841,JAUNET PARIS
4648Z,814084455,Promotion Joaillerie de Paris - PJP
4648Z,845235639,INSTADIAM
4648Z,850520545,ORIS FRANCE
4648Z,434810891,ALMAX SARL
4648Z,393188933,FESTINA FRANCE
4648Z,841147663,APHEA DISTRIBUTION
4648Z,824081343,LILY CONTI
4648Z,524056413,MYLENE & FELIX
4648Z,400595625,SAMUEL H
4648Z,508469533,JPM DISTRIBUTION
4648Z,805099132,FALE DIFFUSION
4648Z,572070688,TEMPLIER
4648Z,878522127,BON'OR
4648Z,350255006,GERALY
4648Z,430157677,AMBRE FRANCE SA
4648Z,422727834,BREITLING FRANCE
4648Z,450133095,ANOR
4648Z,509190443,ALAVIE
4648Z,421217241,THABORA
4648Z,794538009,LES ORCHIDEES BLANCHES
4648Z,382475564,CARINE FRANCOIS
4648Z,504659673,MAUPERTUIS
4648Z,524008851,SABLE CHAUD
4648Z,880971239,GREENLAND RUBY PARIS
4648Z,853790558,ODEVIA SASU
4648Z,877510354,MAD
4648Z,881068902,A.C.G. Audio
4648Z,824208292,JL ACCESS
4648Z,834211971,ALPHA BELLA
4648Z,851459487,VIC ET PAT
4648Z,511156291,eMarion
4648Z,494516008,VALENTIN DIFFUSION
4648Z,572206977,ETABLISSEMENTS LAVAL
4648Z,822168068,AJOLIA
4648Z,505123364,TOSOLINI & CO
4648Z,847486115,LEKEMA
4648Z,389658568,JFD
4648Z,803460302,SMAFU
4648Z,532942661,MY COM
4648Z,439456237,SARL TANI
4648Z,844110551,TIMES NÎMES
4648Z,353015191,GOLD
4648Z,530239771,TILASMI
4648Z,540015716,DE JAEGHER
4648Z,500019559,GROUPE SDBH
4648Z,851596379,EUROCARATS
4648Z,801648601,PPSTOCK
4648Z,412399792,COOKSON METAUX PRECIEUX
4648Z,825109614,JOAILLERIE DES SUDS
4648Z,409451598,AUSTRALIA PEARLS
4648Z,530049394,ATIWELL
4648Z,513379362,STALACTITE
4648Z,849570965,THOM Trade SAS
4648Z,513977363,IMPORT 34
4648Z,498147438,NATMAJ
4648Z,420950024,DINH VAN
4648Z,542077391,THE SWATCH GROUP (FRANCE) SAS
4648Z,328524400,LAURE ET PIERRE CREATIONS
4648Z,833524689,STATEMENT
4648Z,335063533,SAGA
4648Z,420224776,COBALT
4648Z,527514293,JOHN GABRIELLE SARL
4648Z,494408008,AGATHE ET MARCEAU DIFFUSION
4648Z,327544896,AURICOSTE
4648Z,505106286,DE TOUTES LES MATIERES
4648Z,880146329,SPARK PARIS
4648Z,829752526,TANAH LIAT
4648Z,345139612,CREATIONS BIJOUX DIEGO
4648Z,800383507,SASU UDDIN
4648Z,576951032,SOCIETE MERCIER LEBARON
4648Z,883223661,BDS
4648Z,812810257,DG&CO
4648Z,750123291,HIPANEMA
4648Z,824415343,SFDB
4648Z,844160937,WIDE
4648Z,498405620,JBG
4648Z,443768452,MANUFACTURE GENERALE HORLOGERE
4648Z,752434951,SKTM
4648Z,351413729,BALBOUL
4648Z,821148475,EVA PEARLS COMPANY
4648Z,438911604,GOLD TIGER
4648Z,839405230,TISM
4648Z,501236004,MATWATCHES
4648Z,027180207,MOINEAU
4648Z,443846522,STUDEX FRANCE
4648Z,892398397,POMMY
4648Z,490491024,AMSTED.CO
4648Z,314208638,TIME AND DIAMONDS
4648Z,440620722,SOLAL
4648Z,398209361,ETABLISSEMENTS GROSPIRON
4648Z,840698831,ORVAN
4648Z,844556472,INTERNATIONAL COLLECTION LTD
4648Z,830441358,PHONE SHOP
4648Z,498793272,ECLAT & VOUS...
4648Z,389051681,GEMSTAR
4648Z,444384226,O.D.C
4648Z,829817527,HVAB
4648Z,808127088,ARTSEINE
4648Z,652037672,O J I D
4648Z,552132581,VUILLET
4648Z,530126242,VEDETTE
4648Z,505025221,W & O GROUP
4648Z,833265358,21H10
4648Z,829218031,ARISTOCRAZY FRANCE
4648Z,800424889,SHAN-SHAN
4648Z,751655374,SH MONTRES
4648Z,439030511,CONDOR FRANCE
4648Z,533003588,VIAGEM
4648Z,399027804,FACET DIAMANT
4648Z,520023417,MP DISTRIBUTION
4648Z,399806728,MONTEFIORE
4648Z,505398883,BE ON TIME
4648Z,789054665,AMETSA
4648Z,351524921,LVMH MONTRES & JOAILLERIE FRANCE
4648Z,452149289,ORELLE
4648Z,365200336,HORBINOR
4648Z,824973986,BORDEAUX WATCHES DISTRIBUTION
4648Z,498535434,LA PICA
4648Z,814890778,OLIVER WEBER FRANCE
4648Z,494311111,IMPRESSION & DESIGN
4648Z,532292810,B et B
4648Z,850960329,UNICO
4648Z,801693474,MICKAEL DIAMONDS
4648Z,329935639,SMB
4648Z,803168202,CERAMIK
4648Z,849526736,COMPTOIR NICOIS D'HORLOGERIE ET DE BIJOUTERIE
4648Z,507940427,OPALOOK FRANCE
4648Z,880430947,BAILLY-DIFFUSION
4648Z,449556653,J.R. S.A.R.L.
4648Z,403801590,GONDRAN
4648Z,538858150,ATHAN'OR
4648Z,843151564,LPE
4648Z,851721712,BISOUS BIJOUX
4648Z,790299978,GLAM CHIC
4648Z,878152651,ANOLI JOAILLERIE
4648Z,489325803,GOURDJI PERLES FINES
4648Z,833920622,LOU'KRYS
4648Z,843790379,PELAEZ
4648Z,881518146,GRAND SEIKO EUROPE S.A.S.
4648Z,825219801,PRELUDE
4648Z,790590236,Pietra Gemma
4648Z,419395595,VENSON PARIS
4648Z,447736018,AGORO
4648Z,790214779,FEI FEI
4648Z,520091182,ROTA IMPORT EXPORT
4648Z,542073366,ROLEX FRANCE
4648Z,821465390,VENDOME EXCELLENCE
4648Z,314614587,LES PERLES DE VENUS
4648Z,322270695,BIJOUX-BORDEAUX
4648Z,479048548,SYNINVEST
4648Z,389715673,MONTRES AMBRE S.A.
4648Z,435070727,SAM.AREFINIA ORLANDO
4648Z,532632569,LAUDIER & FILS
4648Z,387546898,J.L. BASIA
4648Z,488873944,KOSHEEN
4648Z,057818452,MANDINE
4648Z,448598656,MAYBIJOU
4648Z,803180660,So-Family
4648Z,833691876,Z.EMILIE
4648Z,842610297,Break Next
4648Z,379527302,VAGUE A L AME
4648Z,817646615,CAMILLE AMBIANCE NATURE
4648Z,459200044,P. DE LA FILOLIE ET FILS
4648Z,478301435,GHT
4648Z,793718594,ARIC EUROPE
4648Z,510972664,BIJOUTERIE PARUR
4648Z,328045851,GOLDRIVER SA
4648Z,830022224,AURUM ADAMAS
4648Z,851880617,ANESKA
4648Z,502549470,SHOUROUK RHAIEM
4648Z,827910423,ELLA
4648Z,326170420,DANIEL H. PIAT
4648Z,304348691,LE PETIT FILS DE LU CHOPARD FRANCE
4648Z,813246675,FTT
4648Z,517745501,SOWIND FRANCE
4648Z,884287574,AV WATCHES
4648Z,410789812,GAINERIE ELYSEE
4648Z,887521490,CASWA NEGOCE
4648Z,840805535,NEPTO
4648Z,404731259,"""S O D B"""
4648Z,334298080,GROUPE SCHMITTGALL
4648Z,803695675,JORIOT - DE LA GRANGE
4648Z,452016595,MISTER WATCH
4648Z,805357191,FRANCHINE
4648Z,325720332,ROCHET Group
4648Z,330395997,DIAMPREST
4648Z,535094700,HORLOGERIE DISTRIBUTION
4648Z,814261475,REPOSSI
4648Z,451448682,CREATIONS GUIOT DE BOURG
4776Z,435118245,VELLA ET BRET
9001Z,441019304,JACQUES COUTURIER ORGANISATION
5911C,437973258,PRECIOUS COM
4676Z,811103910,OROGEMS
4676Z,329746598,MARC H PRINC
4676Z,329628432,TACHE FRANCE SAS
5610A,351660584,ETABLISSEMENTS ALINE ET BERNARD LALA
5610A,403737117,GAMES FACTORY 25
5610A,789068186,SAS D'EXPLOITATION DU DOMAINE DE MONTCHEVREUIL
0143Z,514879378,CHEVAL ALSACE ELEVAGE
9002Z,483300216,JOUR DE FETE
9002Z,805008216,BLACKSTONE
8553Z,334872272,POLE POSITION
4764Z,830541959,L.D. DISTRIBUTION
8211Z,842830200,RAMA
4639B,789096401,L'AFRICA PARIS
8230Z,792118663,REVAZION
8230Z,419206727,DE TOURVILLE
8230Z,507511897,CS+
8230Z,751929456,EVENEMENTIA
4612B,540044211,Orclass.com
7022Z,798685103,MAGMA CULTURA FRANCE
7022Z,534175187,CHEFS & FLO
7022Z,500699517,ACHA
7022Z,401490990,EOLIENNE
7022Z,790797690,TRADE REGISTAR
4672Z,825021249,GODOT & FILS VERSAILLES
4939B,511585085,SARL TG ANIMATIONS
4939B,321593261,SOCIETE FRANCAISE D'ATTELAGE DE PUBLICITE ET D'ANIMATION
8299Z,792397044,PROCEMA
7729Z,501850911,SABANNES
9604Z,830469797,IBIDEM
9604Z,832428668,SPL BUECH DEVOLUY EXPLOITATION
4711B,817968290,GOWRY ALIMENTATION
6430Z,301097770,J.THARIN S.A.S
4778A,332161470,MAUDAL
4771Z,302394572,VALENTINO COUTURE
4771Z,483439089,KARATT
4771Z,790442461,JK Vêtements
2571Z,572108298,ERCUIS
5621Z,809520695,A L'ESPACE CHAMPENOIS
4690Z,835099391,CONOR
4690Z,493760011,ELIXIR
4690Z,503185068,3 A EVENT'S
4690Z,811022854,NINA KAEL
9329Z,829080605,Code-X Entertainment
9329Z,501676167,N'JOY
9329Z,834520900,MASAGA
9329Z,485133706,BRICE CHARRIER MARECHALERIE STE D EXPLOITATION
9329Z,402194484,LE CLEO
9329Z,817391238,RLC CLIMBERS
9329Z,529152100,PIERREVE
9329Z,840873558,AN NEW WAY OF LIFE
9329Z,483005831,HLF LOISIRS
9329Z,512797887,CALICEO SAINTE FOY LES LYON
9329Z,840711550,WAM PARK DEVELOPPEMENT
9329Z,321253015,PLAN
9329Z,847956976,BROTHERS
9329Z,825326234,L'ECHAPPEE BELLE
9329Z,513442632,JOGA FUTBOL
9329Z,819676792,SAS BCR SPORTS
9329Z,387559347,VESTA PROCESS
9329Z,828466417,VENDEESCAPE
9329Z,492936000,ESPRIT D'ACTION
9329Z,429361702,LASBORDES
9329Z,513851246,ECO - TRAIL ORGANISATION
9329Z,440987287,CHATEAU ROCHER TOURISME
9329Z,337938021,SOCIETE DES PETITS TRAINS D'ARGELES
9329Z,791498926,SL DEVELOPPEMENT
9329Z,819268632,KLUBE ENERGIE
9329Z,499989978,PAINA
9329Z,828406793,PADEL BOCAGE
9329Z,380509620,NEW CASTEL
9329Z,519474860,PLAINE DE JEUX SAINT QUENTIN
9329Z,841117435,L'équipe Ludique
9329Z,489750778,J 2 M G
9329Z,437593163,LE 8EME ART
9329Z,823589155,LEVPARK
9329Z,400221289,CHEVAL LOISIRS CAMPAGNE
9329Z,451128607,FRANCE AVENTURES SUD EST
9329Z,442038071,PASSERELLES DES CIMES
9329Z,823734645,SENSAS LYON
9329Z,411911597,SAS LES MOUETTES
9329Z,815195953,UJ MARSEILLE
9329Z,317098945,BOWLING MOUFFETARD
9329Z,830439246,RHAPSODIE
9329Z,389338252,CONCEPT JEUX SARL
9329Z,487777542,ECURIE N.PAILLOT
9329Z,807832936,JOURMAGIC
9329Z,832815245,LE SAS ESCAPE GAME
9329Z,451084016,TYROLIANE
9329Z,839233616,AZIMUT LOISIRS
9329Z,841414162,AUGUSTINE
9329Z,495301756,BEAUVAIS FD
9329Z,797741519,Food Trucks Gourmets
9329Z,499794998,LES BAINS DE LLO
9329Z,833190820,ARTIMUS
9329Z,842109696,POWERTINA
9329Z,301161014,DOLL
9329Z,424943249,LASER GAME DEVELOPPEMENT
9329Z,831003827,JUMP IN CANNES
9329Z,538440413,NORMANDIE LUGE
9329Z,452177058,ATLANTIC SPORT&NATURE
9329Z,835092719,LASER LB
9329Z,418310181,CIRCUIT SARRON
9329Z,800387326,LOIRAT
9329Z,798632816,DIVERTIFUN
9329Z,752622910,JUNGLE KID
9329Z,451904056,ANIM'ACTION
9329Z,513812586,ACOUPHENE
9329Z,382818227,SCAN 89
9329Z,834644890,ORANGERIE EVENEMENTS
9329Z,504333691,TERRAINS D'AVENTURE
9329Z,753338292,Z' KIDS
9329Z,418135109,L ETRIER DU DAUPHINE
9329Z,845092220,MIC EVENTS
9329Z,529067795,GRH INCENTIVE
9329Z,801231903,DANCING BAL
9329Z,482880374,SARL J.MONTANOLA ET FILS
9329Z,431419134,LE MOULIN DE GEMAGES
9329Z,393199625,DELICATESSEN - NOM CIAL : DELICATESSEN
9329Z,303184717,LE TOURLOUROU
9329Z,840340152,MD GAME
9329Z,537517575,JJSE - JEUX ET JOIE AU SERVICE DES ENFANTS
9329Z,754059459,GRANIER-RECH SARL
9329Z,820803575,LE FIL ROUGE
9329Z,533001244,KIMA
9329Z,809102452,DOCK 39 TERVILLE
9329Z,482018470,CENTRE DE TOURISME EQUESTRE EQUI-SOLEIL
9329Z,492084710,FUN FOOT
9329Z,499257624,STUDIO DANSES FORMES
9329Z,813417508,ENIGAME LYON
9329Z,538891375,MZ2
9329Z,490716107,CIRQUE EQUESTRE DE COCICO
9329Z,809974413,WHAT SONS
9329Z,320239502,CLUB 54
9329Z,751627704,PROMO KART INTERNATIONAL
9329Z,512012840,LASER GAME EVOLUTION VILLENEUVE D'ASCQ
9329Z,408127637,SENS ESPACES KARTING
9329Z,434400461,TEAM ACTIVE GRAND SUD
9329Z,450702824,ZOO DE LA BOISSIERE DU DORE
9329Z,478439854,PITCHOUN GYM
9329Z,819191891,HD CLUB
9329Z,799131891,BEECIE
9329Z,844611673,CORVUS EVENEMENTS
9329Z,404199705,CENTRE EQUESTRE DE DENICE
9329Z,505080143,NAUTIC LOISIRS MEDITERRANEE
9329Z,830138731,CLUB PARTOUCHE PARIS
9329Z,438296295,PONEY CLUB DE TRANGY
9329Z,532024544,LE MAS EVENEMENTS
9329Z,378702807,BOWLING COLMAR LOISIRS
9329Z,818005340,PLAZA PLAY
9329Z,799358734,LASER GAME EVOLUTION DUNKERQUE
9329Z,483446241,PAN
9329Z,831354675,HEXACTITUDE
9329Z,409598968,GROUPE ONNA
9329Z,421451964,ACTIVITES LOISIRS BERTHEAUME A L B
9329Z,813898764,TEAM BREAK LA DEFENSE
9329Z,843431164,AM NIGHT
9329Z,415084854,SARL RUE BERANGER
9329Z,750622698,LILLE LASER
9329Z,813684453,LUDOTAZ
9329Z,487891335,HARAS DE LA FRESNAY
9329Z,490119138,JM PRESTATIONS
9329Z,823150172,EB 56
9329Z,821202777,CHATEAU DE SEGUIN EVENTS
9329Z,838137081,DIGI-SPORTS
9329Z,789818267,PERISHER
9329Z,344344981,SARL LE STAR
9329Z,429546559,L'ESPACE LOISIRS
9329Z,804809796,ARCO IRIS
9329Z,791344690,JUMP STORY
9329Z,437867740,RANDO RAIL
9329Z,401540216,EVENEMENTS PROMOTION SPORTS GRANDS EVENEMENTS
9329Z,493739932,L.Q.M.D.M.
9329Z,814739587,EURYDICE
9329Z,508710779,VERTIGO 3
9329Z,499652618,LASER SYSTEM
9329Z,827556937,GAMES FACTORY
9329Z,824300388,LE BIEN VEILLANT
9329Z,813898533,TEAM BREAK LILLE
9329Z,415296466,L EPINETTE DE BOISEMONT
9329Z,342247764,SOCIETE DU NOUVEAU PORT DE VALLAURIS GOLFE JUAN
9329Z,822146726,LES NYMPHEAS
9329Z,509844387,KIDDY TEUF
9329Z,303198436,CRIC CRAC
9329Z,841563430,ENIGAME BRETIGNY
9329Z,832519417,R.C. LOISIRS 42
9329Z,841255375,VITI
9329Z,803585504,ACRO PARC DES PLAINES
9329Z,422091280,ECURIE WILFRID PIERROT
9329Z,821782166,MINDOUT
9329Z,840842330,LEVEL 3
9329Z,410425433,VISIOBUL REUNION
9329Z,532449188,COMPAGNIE SAUMUROISE DE NAVIGATION - SAINT NICOLAS
9329Z,402582407,SARL AU PASSE TEMPS
9329Z,390485514,COMPAGNIE DES BALADES RALLYES
9329Z,353208564,BREZAC ARTIFICES
9329Z,502324643,SARL SOUREN
9329Z,390778660,LE BRONX
9329Z,442419081,KATA MAMBO
9329Z,801049495,SAINT MALO L'UNIVERS DES ENFANTS
9329Z,817458896,BLUE DREAM
9329Z,830829537,LPZ
9329Z,834567182,HORS TRACE AVENTURE
9329Z,528009137,PARKONAN
9329Z,423773811,MOTOR'SYSTEM
9329Z,535162663,XCELLENCE
9329Z,392124814,SOLOKART
9329Z,389843434,FRANCE MONTGOLFIERES SARL
9329Z,533519476,MEDINA CAFE
9329Z,479703449,LORRAINE LOISIRS AVENTURES
9329Z,823904891,DNSL
9329Z,494930969,GARDEN
9329Z,480983998,ZIDANE SPORT CONCEPT
9329Z,821375904,UNIVR
9329Z,491600391,PONEY CLUB DU GENETEY
9329Z,833363831,CLAYS SHOOTING SAINS LES MARQUION
9329Z,838412872,ESCAPE ONE
9329Z,830870390,JST EVENTS
9329Z,821710308,BREIZH ESCAPE
9329Z,841990666,RC SPORT CENTER
9329Z,510128929,SODALIS EVENEMENT
9329Z,840572440,METTA
9329Z,490219912,EQUALIA
9329Z,847713138,ESCATALANE
9329Z,813998218,CHALLENGE THE ROOM 2
9329Z,421697343,LES HARAS DE LA PORTE DE SAINT LEU
9329Z,798109567,LA MAISON BLANCHE
9329Z,827585167,GRUP ARTAN
9329Z,834419624,FC FLEURY 91 COEUR D'ESSONNE
9329Z,822369658,CORTEXCAPE
9329Z,531649515,LOISIRS AMUSEMENTS
9329Z,822027801,LE SANATORIUM
9329Z,814801940,BEACH
9329Z,820930147,AGEN SECRET
9329Z,750449449,ICR-EXPO
9329Z,812849388,SAS CHATEAU BARTHELEMY
9329Z,821775749,GAUFRET'DIVE
9329Z,440133023,ALRECREA FRANCE
9329Z,499675684,LE BATELEUR
9329Z,385303706,SWING
9329Z,801696782,AUVERGNE MONTGOLFIERES
9329Z,499206183,ETOILE LOISIRS
9329Z,439026519,SARL BARBOSSI EXPLOITATION COMMERCIALE EN ABREGE BARBOSSI EX
9329Z,523879898,OBOROBO
9329Z,443149752,CHOCOLAT SHOW
9329Z,828099515,ESCAPE YOU
9329Z,833910219,THE EXIT
9329Z,438810749,SAS RICHARD BREUL
9329Z,823635982,THE ESCAPE GAME
9329Z,477803498,DOMAINE DE L'ESPERANCE
9329Z,405008913,INWALL KART
9329Z,811187848,CG2B 54
9329Z,443516265,A.M.V. DISTRIBUTION
9329Z,827526856,PILOTAGE RACING
9329Z,822589966,SAS HIVE GAMES
9329Z,843579111,EMERAUDE ESCAPE
9329Z,410877062,PONEY-CLUB SAINT GERMAIN-FOURQUEUX
9329Z,513163360,SARL RECRE LOISIRS
9329Z,490767035,EQUIPLAISIRS
9329Z,822919064,SPA AVENUE 51
9329Z,441157658,SARL Létrier
9329Z,830341228,RASHOMON ESCAPE
9329Z,753282086,IRIS 63
9329Z,528090590,PARTY TIME
9329Z,844395012,LAC ET FORET
9329Z,442446795,METABIEF AVENTURE
9329Z,407768688,FUNTECH
9329Z,434599403,JEANDEL EQUITATION
9329Z,315293365,ACCUEIL EN VIGNOBLES
9329Z,837881606,URBAN CRACK
9329Z,324684190,UNIVERS LOISIRS
9329Z,500539671,CULTURE LOISIRS ACTIVITES SPORTIVES ET SOCIALES
9329Z,530781392,CASSANDRE
9329Z,840560197,DP GAMES
9329Z,479589533,ITEM
9329Z,791318157,ANEBEY
9329Z,822528741,ESCAPE ONE
9329Z,429135288,CENTRE EQUESTRE DU NOYER
9329Z,322236415,STE DU PORT DE PLAISANCE DE CAP D'AIL
9329Z,480549807,ETRIER DU PAYS MELLOIS
9329Z,828487413,NOKE ENTREPRISE
9329Z,422654095,PLAZA REIMS THILLOIS
9329Z,403614951,FUN LOISIRS
9329Z,819918657,DOOZ
9329Z,528439748,RIKILA EVENTS
9329Z,453571994,LA CLAIRE FONTAINE
9329Z,824256499,BIKE & PY
9329Z,799358742,LASER GAME EVOLUTION CHAMBERY
9329Z,833912546,STIL PRO
9329Z,817675853,RECREA PLAINE
9329Z,483080545,BSO KARTING
9329Z,801342817,SAS A.C.P.COM
9329Z,835197427,ESCAPE ONE
9329Z,344519251,SOCIETE D ECONOMIE MIXTE DE GESTION DES PORTS DE PLAISANCE E
9329Z,830869897,W44
9329Z,438261216,ANIMFIT
9329Z,753837939,DINOFOLIES
9329Z,351735584,JENNIFER EVASION JENNIFER EVASION
9329Z,833460686,PERMAJUICE
9329Z,445352552,PYRENEES HO
9329Z,847596061,AQUABELLA
9329Z,822701132,LUGE 4 SAISONS
9329Z,832202600,COSMIC JUMP 54
9329Z,383340726,CENTRE EQUESTRE LE LUGERE
9329Z,514467430,MYSTERLAND
9329Z,839695178,IB LOISIRS
9329Z,498292143,TEAM ACTIVE ILE DE FRANCE
9329Z,823865506,ATOME GAME
9329Z,322417452,PARIS COUNTRY CLUB
9329Z,803705144,LA TETE DANS LES NUAGES
9329Z,752328039,MAUBUISSON PRODUCTIONS
9329Z,504512146,CITY ZEBRES
9329Z,402606339,EQUIPASSION
9329Z,432075471,GEHO
9329Z,752283200,ECOSSAISE OPERATING
9329Z,530615574,ATDP COMPANY
9329Z,814280830,CICERON
9329Z,453402315,LASER 34
9329Z,824776975,SPORTS LOISIRS ANIMATIONS JEUNESSE
9329Z,534009766,KIDSCITY
9329Z,395338148,AQUARIUM DE LA REUNION
9329Z,418814851,ACADEMY BEAUGRENELLE
9329Z,539653105,BEMBOM BROTHERS
9329Z,815212360,LOISIRS MER ET DECOUVERTE
9329Z,322398751,LOGITEC
9329Z,432984268,A LA MONTAGNE
9329Z,831463005,AQUATHELLE
9329Z,519803092,FESTISUD
9329Z,450745997,RECREAFRANCE
9329Z,800110892,TERRALAND
9329Z,827838616,2GT GAMES
9329Z,483425229,AULNAY JEUX
9329Z,820900298,CLAPS
9329Z,452335136,GROUPE FMA
9329Z,802352096,ONLY KART
9329Z,443419247,EQUICENTRE DES TROIS FRONTIERES
9329Z,750317737,2CDL
9329Z,833131840,SPL DU BALLON CAPTIF
9329Z,800444515,LASER GAME EVOLUTION S12 REIMS
9329Z,537858979,ADVENTURE QUAD
9329Z,327139317,ATTRACTIONS FORAINES COLOSSUS
9329Z,534493010,LES SALONS LYNA
9329Z,799904479,CA BEAUFORT EN ANJOU
9329Z,419824289,FONTAINE DEVELOPPEMENT
9329Z,842939423,LE HOLIDAYS
9329Z,430371781,W A X
9329Z,504700493,KART 56
9329Z,531592863,CRUCY CLUB
9329Z,793700816,ACCUEIL SERVICES EVENEMENTS LORRAINE A.S.E.L.
9329Z,520356270,DAYLOVE EVENT
9329Z,438357972,AMA
9329Z,420997561,CROISIERES ET DECOUVERTES
9329Z,533429858,RCG
9329Z,439172453,HALL BOWL
9329Z,338158405,SILLAGES
9329Z,833358716,2 G LOISIRS
9329Z,500550900,CALICEO SALEILLES
9329Z,342600160,CERCLE HIPPIQUE DE LA GASCHERIE
9329Z,400514709,ABC DANSES LOISIRS
9329Z,384585816,PARADOXE
9329Z,413443821,ALPARCS
9329Z,432400109,CALICEO
9329Z,807961750,ACCROCHE AVENTURE
9329Z,421933995,SARL DOMAINE EQUESTRE DE CHEVILLON
9329Z,519111553,COUNTRY PLAINE
9329Z,800061632,LGL DIVERTISSEMENTS
9329Z,832191415,L'AQUACIENNE
9329Z,351499785,TAKA CLUB
9329Z,815034624,BUFFA BAR
9329Z,489239889,FAURE CONCEPT ANIMATION - FAURE EVENT'S
9329Z,817634975,KALLISTERRA
9329Z,803621143,CA CHATEL
9329Z,804541837,TFK LOISIRS
9329Z,822206173,LE PARC EN FOLIE
9329Z,795052968,NALO SPORT LE KLUBE
9329Z,539063941,HAPPY CITY
9329Z,524479961,SEFGY
9329Z,818924045,LOCKEDUP
9329Z,408641819,EQUI.LIBRE EVIAN
9329Z,820247971,TOO LATE ESCAPE GAME
9329Z,828622084,RONCQ LOISIRS
9329Z,834084998,LE NAUTILE
9329Z,820934032,LEs ANG's
9329Z,422597930,S.C.L.
9329Z,348761578,LE MONDIAL
9329Z,389417676,S P H
9329Z,824244016,B'UP
9329Z,842244691,LE HANGAR 0
9329Z,821441623,ESCAPE EXPRESS
9329Z,424977296,SARL ECURIE CYRANO
9329Z,824371421,GREEN KART
9329Z,483496592,DISCOTHEQUE LE MANOIR
9329Z,840146328,FUN-MOTORSPORTS
9329Z,350677860,LA TAVERNE DU ROI
9329Z,841118003,LA TETE DANS LES NUAGES LYON CONFLUENCE
9329Z,447574484,SENIOR FORME
9329Z,814430385,SPL EVENT
9329Z,418501110,RACING KART RENNAIS
9329Z,813904414,B&T EXPERIENCE
9329Z,820323145,MIND & RUN
9329Z,822052536,HANDI LOISIRS VACANCES 97427
9329Z,840931877,EVENTYR GAME
9329Z,340656578,V.B. LOISIRS
9329Z,533542874,ORION
9329Z,751873936,DMS EVENT
9329Z,797491354,AMBIANCES et SPA
9329Z,444905715,STELL'ARTIFICE
9329Z,419681754,HECATE
9329Z,812363380,JMC LOISIRS
9329Z,821775251,ABIA LOCATION GUADELOUPE
9329Z,824822167,ACC FEEL JUMP
9329Z,837800309,ESCAPE TIME ORLEANS
9329Z,843362518,SENS A STRAS
9329Z,842170441,PLATEFORME 37
9329Z,442623377,SPLATGAME
9329Z,504166588,POKER AGENCY
9329Z,522685999,SUD ANCRAGE
9329Z,790810766,LEDISK
9329Z,809642119,LASER ARMY
9329Z,447564477,Bruno B - Loisirs
9329Z,493512925,LASER GAME GRENOBLE
9329Z,481606754,CONFLANS LOISIRS
9329Z,788641504,MONNIER Fils
9329Z,840729719,SARL CJC
9329Z,834431777,LMDP NANTES
9329Z,812931053,SE LAVALADE
9329Z,752484634,H.B. LEISURE FRANCE
9329Z,529940074,BLEU BLANC CIEL
9329Z,529162786,GYROCOM 06
9329Z,448579888,GRANDEUR NATURE
9329Z,334305521,SNML
9329Z,517688958,BLOIS FD
9329Z,349228189,LE LOUP GAROU
9329Z,794402164,SOPOOL
9329Z,508818846,SARL MI2E
9329Z,428753354,LES FERMES EQUESTRES DU VERCORS
9329Z,751982158,LES CLAYES FD
9329Z,841443237,DESIGN 24
9329Z,306592007,SELECT OTOMATIC
9329Z,829223627,LA COURSE CONTRE LA MONTRE
9329Z,404675811,PORT INLAND
9329Z,838453793,SEL 64
9329Z,819171992,MASAI
9329Z,750422081,LMX 74
9329Z,521845198,EURL LASER GAME 37
9329Z,499371433,9ème ART +
9329Z,801224627,VITALSPA BOUC BEL AIR
9329Z,847516093,RL45
9329Z,419538749,SARL CENTRE EQUESTRE DE LA ROCHE
9329Z,453464893,HENIN BOWL 62
9329Z,828624593,S.A.S.U. KALLISTE GAMES
9329Z,813185444,JUMP PARC
9329Z,420984999,AEROFUN
9329Z,793383340,AQUAZERGUES
9329Z,789167558,JEDIGUI
9329Z,419570460,LA CAVALE
9329Z,534062906,"PORNICHET, LA DESTINATION"
9329Z,842307290,LOCOMARTIN LIMITED
9329Z,839759776,JUDDSTONE
9329Z,453429631,CESSON EQUITATION
9329Z,452661374,AJACCIO EQUITATION
9329Z,439535980,BSPJ
9329Z,843022633,ADEACLAN
9329Z,431351832,LOC2
9329Z,349401109,CENTRE HIPPIQUE DE MAZERAY
9329Z,535310007,ALTIPLANO CONSTRUCTION
9329Z,827454869,AU FIL DU DEDALE
9329Z,820680353,KART' RACE
9329Z,484120076,Société d'Exploitation du Musée du Rhum de La Réunion
9329Z,534862164,PUISSANCE KART INDOOR
9329Z,819246554,REAL ESCAPE ROOM
9329Z,839988144,Illucity La Défense
9329Z,794974030,LA HOUSSOYE
9329Z,819416512,JEUX DÉCOUVERTE
9329Z,532161775,S'CAPE SHOW
9329Z,818552473,TORCY FD
9329Z,478661168,ER
9329Z,399893999,SARL L'EVASION
9329Z,804606739,THE GAME MDB
9329Z,789227493,GIGANTICA CARP SARL
9329Z,411830151,LE FLAG
9329Z,750391179,LUDIKLAND 74
9329Z,472502582,"S.A.R.L. ""SEGARD et CIE"""
9329Z,522740752,KARTING INDOOR PROVENCE
9329Z,788599520,LUDOMONDE
9329Z,769200700,LE CARIBOU
9329Z,834650400,LE SEVEN
9329Z,350725529,SARL MISTRAL KART
9329Z,823821574,MLMD EVENTS
9329Z,838413474,EVENCO
9329Z,803674191,B&G IMMERSIVE PRODUCTIONS
9329Z,839954559,Karnage Club
9329Z,788922466,C.G.C ENJOY PARK
9329Z,844685438,GAMES FACTORY 71100
9329Z,328919816,S L M P STE DE LOISIR MIDI PYRENEES
9329Z,490839750,CINQUIEME ELEMENT
9329Z,840410096,VR FAMILY REUNION
9329Z,393260757,AT 2000
9329Z,848023974,L'ILE VERTE
9329Z,814791950,SAS BCS
9329Z,528449531,ANIMATION STRUCTURES GONFLABLES
9329Z,524133089,OC'KIDS
9329Z,449964873,EQUITATION MIRIBEL - LOISIRS ET SPORTS EQU AIN E.M.L.S.
9329Z,510843444,LA ROUTE DU SEL
9329Z,447751447,LE PICCA
9329Z,334439940,JADE
9329Z,821356060,M S A
9329Z,441194537,CENTRE EQUESTRE DE LA SCIE
9329Z,398917849,ACTIVITES SPORTIVES TOURISTIQUES ET DE LOISIRS
9329Z,820641033,GOLDRONE
9329Z,520724477,BEHOTEGUY
9329Z,447610791,LASER 77
9329Z,515339653,ESL Gaming France
9329Z,798220547,ESCAPE MAX
9329Z,448786137,SARL R.D.C.
9329Z,819485467,ENIGAME MLV
9329Z,717050264,SOCIETE DU TRAMWAY TOURISTIQUE DE SAINT TROJAN
9329Z,830160396,GUILD OF GAMERS EXPERIENCE
9329Z,329045322,SOCIETE ANONYME D'ECONOMIE MIXTE D'ORGANISATION ET DE GESTIO
9329Z,513629055,L'AERO
9329Z,328295167,CLUB HIPPIQUE DE LAON
9329Z,841151871,BPM
9329Z,448966283,ATLANTIS TECHNOLOGIE
9329Z,487709552,CHARLES QUINT
9329Z,514054345,Pi Laser
9329Z,524945862,NINKASI MUSIQUES
9329Z,802716365,SPA AVENUE
9329Z,420877888,SOCIETE D ECONOMIE MIXTE DE GESTION DU PORT DE FREJUS
9329Z,412254484,PARC INTERCOMMUNAL D'EQUITATION DU CHATEAU BLEU
9329Z,825038581,TWISTAIR
9329Z,429247182,SUB EXCELSUS
9329Z,810008474,GET OUT REIMS
9329Z,409984846,ESPACEO
9329Z,324293216,BABETTE ET PHILIPPE
9329Z,792546814,TTT LOISIRS
9329Z,822395935,BO TOULOUSE
9329Z,840029383,ENIGM'ART
9329Z,843743816,NANA ET COCO
9329Z,412487589,NIGHT MANAGEMENT PRODUCTION
9329Z,444704985,SOCIETE D'ANIMATIONS LUDIQUES
9329Z,394212997,CHANE-SAM ET CIE
9329Z,812794303,KARTING DE NANTES
9329Z,504488735,LASER 94
9329Z,492659172,PHOTO UP
9329Z,808354625,WE DID IT
9329Z,489550673,ACCRO PASSION
9329Z,844650473,PRISON ISLAND MONTPELLIER
9329Z,812275402,CLOSED ESCAPE GAME
9329Z,831896147,FURYROOM
9329Z,424161065,LES ECURIES DES SABLONS
9329Z,820023430,ROGER PRODUCTION
9329Z,833173768,FLY IN LE BEL AIR
9329Z,430009324,MARCO LOISIRS
9329Z,538027806,NAUTIPOLIS
9329Z,432492692,SARL LOISIRS EN MORVAN
9329Z,775668783,COMPAGNIE CONCESSIONNAIRE DE PORT LA GALERE
9329Z,519657639,PUY DU FOU INTERNATIONAL
9329Z,487925919,PLACE AU CIRQUE
9329Z,539267724,LASER WEST
9329Z,808433023,ENFANCE EN PAYS MORNANTAIS
9329Z,845300748,AGFAM
9329Z,514559004,BALEO
9329Z,809640949,CEN PRODUCTION
9329Z,479529414,GAMES FACTORY 21800
9329Z,449720184,LAURENT PEGON LA COMPAGNIE DES ANGES
9329Z,393769682,"SARL ""LA CROIX ST-ANTOINE"""
9329Z,494959760,ELOR EVENTS
9329Z,834973174,LE HANGAR A ENIGMES
9329Z,501961486,SARL YEVENTS
9329Z,440095578,LE HARAS DE LA FOULQUE
9329Z,317052975,DINERS-SPECTACLES DE PARIS
9329Z,401932660,LES ECURIES DES PERRIERES
9329Z,841315948,LUMBER JACKS
9329Z,492601786,"""R"" DE FETE"
9329Z,390740090,LE BULL DOG
9329Z,811979715,PLANET'RéCRé
9329Z,840812010,JUMP AROUND
9329Z,538427634,P.A.C.S.
9329Z,813075454,"CENTRE D'ETUDES ET D'ACTION SOCIALE ET CULTURELLE ""LA SOURDI"
9329Z,483812160,ACCEL
9329Z,828539346,LE STRIKER
9329Z,828800524,BOULDER LINE
9329Z,532113412,O'B VARENNES
9329Z,503238834,ELHDO
9329Z,830865283,DECO FETE CONCEPT
9329Z,810573378,CASTELLET KART RACING
9329Z,750347122,JB
9329Z,843796608,SPEEDKART
9329Z,804138931,ATC
9329Z,538989179,ZEN D'AMOUR
9329Z,349728170,SARL CHARLSTON
9329Z,821121787,M E G
9329Z,790738611,THE FACTORY FITNESS
9329Z,431821610,ESPRIT DE FETE
9329Z,841496243,K1 Speed Lyon
9329Z,448289322,ACADEMIE D'ENSEIGNEMENT COMPORTEMENTAL
9329Z,440941284,CHLORO FIL
9329Z,801394974,SARL SNED
9329Z,833029655,ESCAPE DIMENSION
9329Z,330386442,LA FINANCIERE SPORT ET LOISIR
9329Z,410704951,DURNEZ
9329Z,792507139,LABY'PARC DU TOUQUET
9329Z,404899270,EQUILOISIRS - FAE
9329Z,799398318,SAS VOLERIE DU FOREZ
9329Z,818952509,LASER AVENTURE
9329Z,813002565,BIOPOLE LEA NATURE
9329Z,841185978,MDD FEEL JUMP
9329Z,511168338,EURL LE TRIANON
9329Z,421767823,MONTGERON EQUITATION
9329Z,453807612,HORIZON 360
9329Z,400765160,CONTACT AVENIR
9329Z,491370730,EURL RIRE ET POESIE
9329Z,399254713,SUPER 3 B
9329Z,505107342,ARRAS FD
9329Z,832425961,FACTORY 58
9329Z,453355471,EURL JOUANNE
9329Z,821637857,CLAUDAY EVENEMENTS
9329Z,793235912,LE PARKING
9329Z,533063749,LE LAC
9329Z,440553519,SARL LE PIRATE
9329Z,803547876,TEAM BREAK
9329Z,809338940,LOCK ACADEMY
9329Z,824436653,CITY SURF PARK LYON
9329Z,424080679,PONEY CLUB DE L'ESCAUT
9329Z,751184771,EVENT 114
9329Z,824337109,TBL
9329Z,444775803,THEIA
9329Z,809889918,LES ENIGMATICS
9329Z,498135292,PYRO FM
9329Z,809447055,IN PARK
9329Z,347673725,TENNIS CLUB FOREST HILL VERSAILLES
9329Z,847793494,ESPACE DES HALLES
9329Z,803311133,YACHTING LEVAGES
9329Z,449505569,CHEVAL DETENTE DES BERGES DU GAVE
9329Z,812033124,MISSION EXIT
9329Z,522327121,Sport Indoor
9329Z,514125525,MONDE RECREATIF
9329Z,841115207,AJ SAS
9329Z,444696900,BOWLING D'ECHIROLLES
9329Z,808384309,DOMAINE DES HALLES
9329Z,528240484,PARI-GRANDIR
9329Z,834678732,JTVM
9329Z,819646464,KARTING 45 SAINT BENOIT
9329Z,444927362,LANOIR PLAGE DES ILES
9329Z,439813668,LE CAP HORN
9329Z,811857127,BAYEUX AVENTURE
9329Z,824407332,Plaisir Academie : Escape Game
9329Z,794923201,La Clef Production
9329Z,442039004,LOISIRS INTERURBAIN LASER
9329Z,421210246,PLAZA GRAND QUEVILLY
9329Z,791981814,LASER TOULOUSE
9329Z,479577041,SARL TRACE VERTE
9329Z,520945486,FLY ZONE
9329Z,377983044,A.A.A.
9329Z,412267759,LES 2 R
9329Z,322452434,STE D'ETUDES D'AMENAGEMENT ET D'EXPLOITATION D'INSTALLATION PORTUAIRE ET TOURISTIQUE
9329Z,481094183,SARL LASER QUEST BORDEAUX
9329Z,813256104,SOIF D EN FAIRE
9329Z,803377563,LA RIVIERE ET L'ETANG
9329Z,831791769,ESCAPE 217
9329Z,801879420,KATAWA
9329Z,519905426,ZIMZALABIM
9329Z,399617661,OPERA
9329Z,793489337,TOUR DE LUNE
9329Z,807500210,LASER VAL D'EUROPE
9329Z,381819564,LOISIRS GIRONDINS VOYAGES
9329Z,829558261,SAS TONNERRE EVENEMENT
9329Z,492309075,MFM
9329Z,750282741,JULES
9329Z,533778353,CEVEN LASER GAME
9329Z,414272302,GROUPE ACTIVE
9329Z,410286256,SHOW TIME
9329Z,803770726,MILOCHE
9329Z,830677209,SMALL CONCEPT
9329Z,399906395,SOCIETE DE JEUX AUTOMATIQUES POUR CAFES SOJAC
9329Z,490122991,SNC LA LOUE
9329Z,517684833,LE MANS FD
9329Z,518825450,ESPACE OREANE
9329Z,519834246,PEP'S BOWLING
9329Z,802611590,DOCK 39 CDC
9329Z,837502293,PYB
9329Z,409157914,CLUB HIPPIQUE DE GRASSE CHEVAL COMPAGNIE
9329Z,507401388,PAINTBALL FAMILY
9329Z,432692929,SUNDGAU KARTING
9329Z,800366387,SCENEO
9329Z,520716044,ATTRACTION 06
9329Z,538234733,LOISIRS-EXTRA
9329Z,749920765,AQUARENA
9329Z,438672461,SARL INDIAN FOREST SUD
9329Z,382400521,VILLAGE EQUESTRE
9329Z,808826572,MUCH ROOMS
9329Z,842024705,UP2PLAY LES SABLES
9329Z,421760281,SARL LA NANTAISE DU JEU
9329Z,834691891,CHEZ JULES et JEANNETTE
9329Z,824021299,ENFANCE-JEUNESSE MEDULLIENNE
9329Z,815237672,LE X
9329Z,478484603,CENTRE EQUESTRE LES ALLEES CAVALIERES
9329Z,830891610,PMJN
9329Z,827717414,LITTLE BIG ESCAPE
9329Z,797492832,DMTH LOISIRS
9329Z,751909326,S.A.R.L. JEU DE SEINE
9329Z,814796025,ALPHA PLONGEE MARTINIQUE SAS
9329Z,508565892,LA CHRYSALIDE
9329Z,832074181,LDF 71
9329Z,384041653,CONCORDE ATLANTIQUE
9329Z,837580463,GO-PL
9329Z,841563042,Quizz Room
9329Z,842892937,RAHIN ET CHERIMONT SPL
9329Z,500535612,THE FACTORY BOWLING
9329Z,413281114,LYON ESCALADE
9329Z,478714983,ISY EVENEMENTS
9329Z,843530510,GWADA GRIMPE
9329Z,800871519,CALICEO BRUGES
9329Z,451897755,MAS DU CHEVAL
9329Z,523607745,LE FIVE INGRE
9329Z,483159190,JDEVELOPPEMENT
9329Z,840098057,FAP BOWLING
9329Z,330713215,F.S. LOISIRS
9329Z,750943466,LOCATION TAG
9329Z,793920661,WAKE UP
9329Z,824378871,LTCA
9329Z,532221314,AQUABABYCLUB974
9329Z,513260133,"""VM 28000"""
9329Z,820819316,EURL AC LOISIRS
9329Z,401632252,LA FERME D'APREMONT
9329Z,512017260,AISNE LOC RECEPTION SERVICES
9329Z,479913550,MALO (MANEGES ET LOISIRS)
9329Z,451249148,STAR ANIM'
9329Z,532193968,PARC NATUREO
9329Z,832739106,SAVE A DATE
9329Z,803811157,LUKA'RTING
9329Z,513844233,BOWLING DES 4 VENTS
9329Z,490187945,SARL FROUIN
9329Z,485277701,LE PHENIX
9329Z,820446870,DONUTS BBQ BOAT
9329Z,817638125,HAPPY EVENTS GRAND SUD
9329Z,488119355,KIDEA SERVICES
9329Z,434831731,CERCLE HIPPIQUE DU PIN
9329Z,831385422,LUNA PRODUCTION
9329Z,539626283,LES SAVANTS DE GAÏA
9329Z,377577143,""" NAVY-SERVICE """
9329Z,441488897,COUDOU PARC AVENTURE
9329Z,440048320,PARTI PRIS
9329Z,821596533,PLAY ARENA
9329Z,453147324,SAMATAL ENTERTAINMENT
9329Z,824509699,BLACKOWL
9329Z,442960035,PARIS SUD AVENTURE
9329Z,493312086,LASER ONE
9329Z,412069643,SODEX JARDIN DE BALATA
9329Z,838645141,ON AIR DEVELOPPEMENT SAS
9329Z,818628455,TOY EVENEMENTS
9329Z,810167445,ASSIREM PLAY
9329Z,752953711,PRISME EVENTS
9329Z,811025071,WEELOC
9329Z,522933746,CALICEO SAINT HERBLAIN
9329Z,804318509,SAS FACE
9329Z,841595648,CENTRE CULTUREL CARNOUX
9329Z,328724471,SARL LE YETI
9329Z,493944730,CLM
9329Z,535090963,LE CONFESSIONNAL
9329Z,798106878,BLUE LAGOON
9329Z,798831772,CENTRAL KART SAS
9329Z,482413887,AJL
9329Z,814976627,LIVE ESCAPE ANGERS
9329Z,824964803,VILLA LA GRANGE
9329Z,837934215,SCO ACADEMY
9329Z,828276550,PARTOUT
9329Z,391074242,TEAM ACTIVE GRAND OUEST
9329Z,838502094,LE FIVE PARIS 18
9329Z,819110388,LA PORTE SECRETE
9329Z,437710155,OCEANO LOISIRS
9329Z,814483806,ESC'APE
9329Z,487740383,STAR RECEPTION
9329Z,823829304,LASERWORLD
9329Z,839944725,YOU JUMP AMIENS
9329Z,837581065,CC CONSEIL
9329Z,820031839,AVENTURE ESPACES LOISIRS
9329Z,834261760,ON'KART
9329Z,423524727,AQUITAINE LASER BEARN
9329Z,412921025,LE VIEUX CORMORAN
9329Z,848130605,PARIS & CRO
9329Z,501182323,CALICEO PAU
9329Z,834654485,SPIRIT GAME
9329Z,324031137,INTERNATIONAL MANAGEMENT GROUP
9329Z,512880600,E.U.R.L. Lasergame 79
9329Z,331420059,ECOLES DE DANSE G. LOUAS
9329Z,533111381,LASER AVENTURE 974
9329Z,790250724,LASER WAR
9329Z,350039921,L.G. JEUX
9329Z,790737399,COMPLEX BOWL
9329Z,840776645,LECOURAZZI
9329Z,482661907,MISSALA
9329Z,803923051,FAMILY MOVE
9329Z,834938110,Teepee Kids
9329Z,824968002,VILLASPORT
9329Z,815170071,FORMEO
9329Z,840058762,BO LYON
9329Z,810797399,LCBD LOISIRS
9329Z,527477103,ID EVENTS
9329Z,443039045,PLAZA SAINT MAXIMIN
9329Z,803678580,PGFB
9329Z,448230250,SARL NOUVELLE COMPAGNIE SANTUS
9329Z,333006138,SOCIETE D'ECONOMIE MIXTE LOCALE DE GESTION DU PORT DE BANDOL
9329Z,820742120,ESPACE LOISIRS COLOMIERS
9329Z,351029871,CORBIERES PORT SERVICES
9329Z,790386312,CENTRE AQUATIQUE DU LAC
9329Z,810856047,SEMARD
9329Z,823147269,GRAVITY
9329Z,820662658,PLEINAIR 77
9329Z,539773358,EURL XIMISTA GORKA
9329Z,802476473,LES ONDINES
9329Z,841531924,CAPSULE CORP
9329Z,400514501,PORT NAPOLEON
9329Z,392276747,SUBARENT
9329Z,418477220,LE CREQUIER SINOPLE
9329Z,809580889,MALINK
9329Z,413719287,ALEX
9329Z,832116164,LE QUENNEZIL
9329Z,487927121,MILLE FETES
9329Z,380685529,ANTILLAISE D'EXPLOITATION DE PORTS DE PLAISANCE ANTILLAISE D
9329Z,302477344,SOCIETE DU NOUVEAU PORT DE SAINT-CYR LES LECQUES
9329Z,840353759,TRAMPO CITY
9329Z,491173324,LENA
9329Z,840656151,ESCAPA
9329Z,480929496,SDO SPECTACLES
9329Z,828161166,Société publique locale du Pays Coulangeois
9329Z,529452237,L'ABSOLUE
9329Z,753115690,HUSSON MORINIERE
9329Z,799903661,oBoJEUX
9329Z,810489021,CIGOIRE
9329Z,511427882,MEGAZONE LASER GAMES REIMS
9004Z,539790329,LE PALAIS DE LA DANSE
6820B,381931252,KARINE FRANCE
6820B,304764988,BIJOUTERIE NARSY
6820B,800160004,LASER GAME 72
6820B,837625912,AUTHENTIK
6619B,505295196,CHANGE by FIDSO
5630Z,794832048,CAFE DANCING DE MAISON ROUGE
5630Z,489364760,DOUDOUNE
5630Z,438383150,PLANETE BOWLING
5630Z,521553305,LA SCALA DIVERTISSEMENTS
5630Z,824186282,OXXO
5630Z,509690632,FLOYD
5630Z,817589690,PJP
5630Z,794419416,LE KALYENTE
5630Z,823361498,ALPI
6420Z,085880458,HOLDING TELLUS
6420Z,830004024,Mx
6420Z,441361029,ALLIANCE
6420Z,425122884,GUM S.A.
5210B,483666384,BONILLA NAUTIQUE SERVICES
4616Z,448135723,SANDRA-ZUCCHERI
4637Z,502863467,Idylle
4618Z,750112039,CB DEVELOPMENT
4617B,879737047,MADRE KUNST
8551Z,389821901,SOCIETE BERDERY MAGNAN
8551Z,399739663,STADE BRESTOIS 29
8551Z,789097201,RACING KART JADE
8551Z,397940891,CORAIL CLUB CARAIBES
8551Z,443082300,PLANET KARTING
4711F,309505477,Mendoise de supermarchés SAS
4791B,792572166,DEAL 4 EVENT
5010Z,538323049,OCEAN DREAM CROISIERES
6311Z,508243995,26 BAC
7311Z,482024221,SMVB FOR EVER
9319Z,489547745,DIVERTY'SPORTS
7410Z,326332277,SOCIETE D'INITIATIVE COLLECTIVE POUR LA VENTE DE L'ARTISANAT
4777Z,313702243,MAX TARDIVEL
4777Z,421166315,ROYAL AIRPORT
4777Z,421025495,LUCIA
4777Z,442293817,SODEXEA
4777Z,423239086,SAS PHIGENOR
4777Z,542106307,MAUBOUSSIN
4777Z,775658859,SOCIETE CARTIER
4777Z,434230686,ARIS'WATCH
4777Z,802180505,SAS L.D.A.
4777Z,395088693,GAREL SAS
4777Z,531162709,PANDORA FRANCE
4777Z,795045319,OCCITANIA
4777Z,530189927,TALIA
4777Z,490956935,SAPHIR MOURAMAN
4777Z,492411376,MISSLIA
4649Z,799885108,BLACK STONE
4649Z,380905539,PIERRE BARRO
4649Z,533511283,BEMY
4649Z,479067985,ATELIER 64
4649Z,407952357,MINERAL EST
4649Z,392757589,NATALEX
4649Z,443436852,GRIMOIRE
4649Z,438982985,PARIO DIFFUSION
4649Z,430146696,"""STORIES & STONES"" S.A.R.L."
4649Z,421885054,PARIS FOR YOU
4649Z,421942111,BI DI BLU
4649Z,379182017,I T C
4649Z,380827865,BEVERLUX
4649Z,483931457,CHANCELY
4649Z,325844785,LA COQUE DE NACRE
4649Z,409226420,K B N IMPORT-EXPORT
4778C,538388489,HOT LOOK
4778C,792720302,LES MAINS D ANGE B
4778C,342837416,CLAIRE'S FRANCE
7711A,347647943,KARTING INDOOR BOURGOGNE KIB 71
3212Z,801233925,ALTESSE
3212Z,316136654,OJ PERRIN HOLDING
3212Z,813731668,50 MAUBOURG
2652Z,501832422,KLOKERS
7010Z,804380145,VANNES FD
7010Z,381591437,SOCIETE D'AFFINAGE ET APPRETS DE METAUX PRECIEUX
7010Z,343670774,BIJOUTERIE ROUX PIERRE
8891A,428688188,GARDERIE DU PLENEY
2599B,509182309,DOME SOLAR
